Thought Content,Author,Category,Tags,Likes,Timestamp
once upon time hard work always pays off think about it,anonymous,motivation,#relationships,35,01-11-2024 21:57
people often say technology is reshaping our lives every day agree disagree,thought_writer,miscellaneous,#tech,90,05-11-2024 18:36
i believe love requires mutual trust respect think about it,aditya,relationship,#motivation,77,14-12-2024 12:45
i believe life is journey not destination that s my perspective,thought_writer,life,#life,71,07-11-2024 13:46
one day philosophy often challenges our basic beliefs food for thought,gu2222kd,life,#motivation,38,14-11-2024 21:30
one day good laugh heals lot of hurt think about it,gu2222kd,funny,#relationships,17,01-12-2024 13:21
one day success comes to those who are patient what do you think,AI_thinker,motivation,#thoughts,99,05-11-2024 23:53
i was thinking hard work always pays off agree disagree,aditya,motivation,#horror,85,17-10-2024 00:21
one day love requires mutual trust respect its just my two cents,AI_thinker,relationship,#life,91,17-10-2024 20:26
my opinion technology is reshaping our lives every day its just my two cents,thought_writer,miscellaneous,#tech,72,17-10-2024 21:48
once upon time philosophy often challenges our basic beliefs food for thought,Nathan_is_writing,life,#thoughts,31,06-12-2024 12:36
once upon time fear is just illusion we create that s my perspective,daydreamer,miscellaneous,#tech,22,03-12-2024 05:40
truth is love requires mutual trust respect that s all for now,daydreamer,relationship,#horror,40,13-12-2024 23:12
i believe fear is just illusion we create food for thought,aditya,miscellaneous,#life,82,06-12-2024 03:22
i was thinking technology is reshaping our lives every day agree disagree,thought_writer,miscellaneous,#thoughts,85,07-11-2024 22:37
i believe philosophy often challenges our basic beliefs agree disagree,thought_writer,life,#philosophy,4,30-11-2024 20:32
my opinion technology is reshaping our lives every day that s my perspective,anonymous,miscellaneous,#relationships,75,13-12-2024 05:25
i was thinking technology is reshaping our lives every day that s my perspective,thought_writer,miscellaneous,#philosophy,29,05-12-2024 22:41
my opinion fear is just illusion we create what do you think,anonymous,miscellaneous,#horror,71,30-10-2024 11:22
truth is technology is reshaping our lives every day think about it,gu2222kd,miscellaneous,#life,49,21-10-2024 04:18
i believe good laugh heals lot of hurt that s my perspective,thought_writer,funny,#horror,42,26-10-2024 02:59
once upon time philosophy often challenges our basic beliefs that s all for now,aditya,life,#relationships,50,22-11-2024 06:36
one day good laugh heals lot of hurt what do you think,AI_thinker,funny,#motivation,45,06-11-2024 16:02
people often say love requires mutual trust respect what do you think,daydreamer,relationship,#relationships,33,17-12-2024 08:25
once upon time success comes to those who are patient its just my two cents,anonymous,motivation,#motivation,21,10-11-2024 01:48
one day hard work always pays off what do you think,anonymous,motivation,#philosophy,65,22-11-2024 08:50
one day hard work always pays off agree disagree,anonymous,motivation,#horror,25,07-11-2024 10:46
one day good laugh heals lot of hurt food for thought,gu2222kd,funny,#thoughts,20,21-10-2024 00:37
once upon time good laugh heals lot of hurt food for thought,aditya,funny,#life,74,08-12-2024 04:57
one day philosophy often challenges our basic beliefs think about it,Nathan_is_writing,life,#tech,75,08-11-2024 00:02
i was thinking life is journey not destination that s my perspective,Nathan_is_writing,life,#thoughts,8,07-11-2024 23:19
my opinion technology is reshaping our lives every day food for thought,aditya,miscellaneous,#horror,73,13-12-2024 02:36
i was thinking hard work always pays off its just my two cents,AI_thinker,motivation,#tech,63,28-11-2024 16:33
once upon time technology is reshaping our lives every day that s all for now,aditya,miscellaneous,#life,19,27-11-2024 17:50
once upon time fear is just illusion we create that s all for now,thought_writer,miscellaneous,#philosophy,18,09-12-2024 08:00
people often say life is journey not destination food for thought,daydreamer,life,#philosophy,5,17-12-2024 18:29
i believe technology is reshaping our lives every day what do you think,aditya,miscellaneous,#relationships,40,09-11-2024 06:20
one day hard work always pays off its just my two cents,daydreamer,motivation,#thoughts,70,31-10-2024 07:08
i was thinking technology is reshaping our lives every day food for thought,daydreamer,miscellaneous,#humor,0,08-11-2024 13:20
one day good laugh heals lot of hurt that s all for now,AI_thinker,funny,#humor,93,23-10-2024 15:04
i believe technology is reshaping our lives every day think about it,gu2222kd,miscellaneous,#tech,0,06-11-2024 11:16
i believe hard work always pays off its just my two cents,anonymous,motivation,#philosophy,62,06-11-2024 13:17
i was thinking philosophy often challenges our basic beliefs food for thought,thought_writer,life,#tech,6,03-11-2024 00:27
my opinion fear is just illusion we create that s my perspective,daydreamer,miscellaneous,#thoughts,80,11-12-2024 10:03
truth is hard work always pays off what do you think,daydreamer,motivation,#horror,88,27-11-2024 04:01
one day success comes to those who are patient that s my perspective,anonymous,motivation,#humor,53,16-12-2024 07:30
one day life is journey not destination food for thought,thought_writer,life,#horror,72,16-11-2024 21:55
i was thinking philosophy often challenges our basic beliefs what do you think,daydreamer,life,#philosophy,72,17-12-2024 21:06
truth is love requires mutual trust respect what do you think,anonymous,relationship,#philosophy,25,20-11-2024 13:03
i believe hard work always pays off that s my perspective,AI_thinker,motivation,#horror,48,19-12-2024 05:15
once upon time life is journey not destination think about it,aditya,life,#thoughts,15,11-12-2024 02:57
i was thinking technology is reshaping our lives every day think about it,daydreamer,miscellaneous,#life,6,12-12-2024 08:43
once upon time technology is reshaping our lives every day food for thought,anonymous,miscellaneous,#philosophy,69,19-11-2024 10:29
i believe love requires mutual trust respect food for thought,thought_writer,relationship,#philosophy,24,15-10-2024 04:19
truth is philosophy often challenges our basic beliefs think about it,daydreamer,life,#life,31,10-12-2024 10:08
i was thinking love requires mutual trust respect what do you think,gu2222kd,relationship,#philosophy,89,02-11-2024 05:29
my opinion hard work always pays off its just my two cents,aditya,motivation,#horror,61,28-11-2024 04:39
truth is fear is just illusion we create that s all for now,aditya,miscellaneous,#tech,1,14-11-2024 09:11
i was thinking success comes to those who are patient what do you think,gu2222kd,motivation,#relationships,53,18-10-2024 18:37
i believe success comes to those who are patient that s all for now,thought_writer,motivation,#horror,75,30-10-2024 11:29
i believe life is journey not destination agree disagree,AI_thinker,life,#tech,29,16-10-2024 17:56
my opinion success comes to those who are patient that s all for now,gu2222kd,motivation,#horror,55,03-12-2024 06:32
my opinion philosophy often challenges our basic beliefs what do you think,aditya,life,#humor,20,11-12-2024 08:11
once upon time hard work always pays off its just my two cents,daydreamer,motivation,#philosophy,73,24-10-2024 15:23
i believe good laugh heals lot of hurt agree disagree,anonymous,funny,#life,6,18-10-2024 05:59
one day hard work always pays off that s all for now,AI_thinker,motivation,#humor,32,30-10-2024 13:21
people often say fear is just illusion we create that s my perspective,gu2222kd,miscellaneous,#humor,77,14-12-2024 18:53
my opinion hard work always pays off that s all for now,anonymous,motivation,#thoughts,82,04-11-2024 09:12
once upon time good laugh heals lot of hurt what do you think,anonymous,funny,#relationships,71,22-10-2024 08:17
once upon time love requires mutual trust respect agree disagree,AI_thinker,relationship,#humor,81,14-11-2024 01:38
i was thinking philosophy often challenges our basic beliefs agree disagree,AI_thinker,life,#motivation,55,21-12-2024 08:25
my opinion hard work always pays off what do you think,thought_writer,motivation,#philosophy,21,27-10-2024 03:05
once upon time success comes to those who are patient that s my perspective,aditya,motivation,#philosophy,50,01-12-2024 17:07
truth is success comes to those who are patient food for thought,anonymous,motivation,#humor,21,23-10-2024 08:10
my opinion love requires mutual trust respect that s all for now,daydreamer,relationship,#tech,99,16-10-2024 12:35
truth is fear is just illusion we create food for thought,gu2222kd,miscellaneous,#motivation,76,09-12-2024 00:58
my opinion good laugh heals lot of hurt food for thought,anonymous,funny,#horror,42,15-11-2024 02:54
i was thinking hard work always pays off think about it,Nathan_is_writing,motivation,#philosophy,27,22-11-2024 04:04
my opinion fear is just illusion we create its just my two cents,anonymous,miscellaneous,#philosophy,83,22-11-2024 14:46
one day love requires mutual trust respect what do you think,Nathan_is_writing,relationship,#thoughts,22,20-10-2024 02:16
one day fear is just illusion we create think about it,daydreamer,miscellaneous,#tech,34,28-11-2024 01:11
my opinion love requires mutual trust respect think about it,AI_thinker,relationship,#horror,34,20-10-2024 17:57
i was thinking success comes to those who are patient that s all for now,thought_writer,motivation,#relationships,46,04-11-2024 08:50
truth is success comes to those who are patient think about it,Nathan_is_writing,motivation,#life,41,27-11-2024 10:51
one day success comes to those who are patient its just my two cents,AI_thinker,motivation,#motivation,35,04-11-2024 06:56
once upon time love requires mutual trust respect what do you think,thought_writer,relationship,#thoughts,93,30-10-2024 22:11
one day technology is reshaping our lives every day its just my two cents,aditya,miscellaneous,#motivation,34,15-10-2024 04:31
once upon time life is journey not destination what do you think,aditya,life,#life,55,16-11-2024 09:25
i was thinking love requires mutual trust respect that s all for now,daydreamer,relationship,#horror,87,15-12-2024 12:59
truth is good laugh heals lot of hurt what do you think,thought_writer,funny,#thoughts,1,02-12-2024 14:56
i believe love requires mutual trust respect agree disagree,AI_thinker,relationship,#life,26,24-10-2024 10:59
truth is love requires mutual trust respect that s my perspective,daydreamer,relationship,#tech,29,27-10-2024 18:10
people often say technology is reshaping our lives every day think about it,aditya,miscellaneous,#tech,38,21-11-2024 23:29
people often say life is journey not destination its just my two cents,AI_thinker,life,#tech,29,10-11-2024 09:01
truth is life is journey not destination agree disagree,anonymous,life,#philosophy,23,11-11-2024 10:25
truth is success comes to those who are patient agree disagree,gu2222kd,motivation,#tech,79,21-11-2024 03:02
people often say success comes to those who are patient what do you think,daydreamer,motivation,#horror,19,16-12-2024 00:01
one day technology is reshaping our lives every day think about it,Nathan_is_writing,miscellaneous,#thoughts,63,03-12-2024 15:31
my opinion philosophy often challenges our basic beliefs food for thought,AI_thinker,life,#relationships,55,28-11-2024 00:04
once upon time technology is reshaping our lives every day its just my two cents,thought_writer,miscellaneous,#relationships,32,12-12-2024 19:47
people often say good laugh heals lot of hurt food for thought,Nathan_is_writing,funny,#tech,16,04-12-2024 02:28
once upon time technology is reshaping our lives every day agree disagree,aditya,miscellaneous,#relationships,12,18-11-2024 06:58
i believe love requires mutual trust respect that s all for now,Nathan_is_writing,relationship,#relationships,95,16-12-2024 19:20
one day life is journey not destination agree disagree,gu2222kd,life,#philosophy,7,15-10-2024 02:54
one day technology is reshaping our lives every day what do you think,daydreamer,miscellaneous,#relationships,81,31-10-2024 14:21
people often say technology is reshaping our lives every day that s all for now,AI_thinker,miscellaneous,#tech,1,21-10-2024 12:36
truth is hard work always pays off food for thought,aditya,motivation,#philosophy,47,01-11-2024 04:13
once upon time good laugh heals lot of hurt that s my perspective,thought_writer,funny,#motivation,52,19-10-2024 06:49
i believe fear is just illusion we create that s my perspective,gu2222kd,miscellaneous,#philosophy,95,15-10-2024 12:11
i believe life is journey not destination think about it,gu2222kd,life,#thoughts,9,19-11-2024 17:20
people often say success comes to those who are patient agree disagree,thought_writer,motivation,#humor,22,04-11-2024 17:08
truth is life is journey not destination food for thought,aditya,life,#tech,89,10-11-2024 00:08
i believe success comes to those who are patient agree disagree,anonymous,motivation,#tech,61,19-10-2024 14:55
i believe life is journey not destination food for thought,daydreamer,life,#relationships,72,29-11-2024 05:31
once upon time success comes to those who are patient agree disagree,gu2222kd,motivation,#humor,5,18-12-2024 04:01
truth is technology is reshaping our lives every day what do you think,daydreamer,miscellaneous,#motivation,36,11-11-2024 07:04
people often say good laugh heals lot of hurt agree disagree,daydreamer,funny,#tech,78,11-12-2024 03:45
i was thinking life is journey not destination think about it,Nathan_is_writing,life,#relationships,60,08-12-2024 18:26
truth is hard work always pays off that s my perspective,aditya,motivation,#relationships,50,16-10-2024 03:32
people often say good laugh heals lot of hurt its just my two cents,gu2222kd,funny,#thoughts,35,29-11-2024 11:43
i was thinking success comes to those who are patient its just my two cents,Nathan_is_writing,motivation,#motivation,71,02-12-2024 11:22
people often say love requires mutual trust respect agree disagree,anonymous,relationship,#motivation,16,28-11-2024 02:38
i believe technology is reshaping our lives every day that s all for now,AI_thinker,miscellaneous,#horror,49,25-10-2024 17:49
one day hard work always pays off that s my perspective,aditya,motivation,#tech,35,11-11-2024 14:18
people often say philosophy often challenges our basic beliefs agree disagree,Nathan_is_writing,life,#humor,64,20-12-2024 16:35
i was thinking philosophy often challenges our basic beliefs think about it,anonymous,life,#humor,4,18-12-2024 12:28
i believe good laugh heals lot of hurt think about it,anonymous,funny,#tech,73,23-10-2024 22:14
truth is good laugh heals lot of hurt think about it,aditya,funny,#life,48,26-10-2024 07:18
my opinion philosophy often challenges our basic beliefs that s my perspective,aditya,life,#tech,15,12-12-2024 20:00
i was thinking good laugh heals lot of hurt that s my perspective,daydreamer,funny,#tech,85,03-12-2024 11:21
i believe hard work always pays off what do you think,gu2222kd,motivation,#relationships,73,19-11-2024 10:52
once upon time technology is reshaping our lives every day think about it,daydreamer,miscellaneous,#relationships,43,17-10-2024 09:14
truth is good laugh heals lot of hurt that s my perspective,aditya,funny,#life,27,23-10-2024 01:23
my opinion life is journey not destination think about it,AI_thinker,life,#life,10,17-11-2024 05:14
once upon time life is journey not destination that s all for now,gu2222kd,life,#relationships,76,31-10-2024 02:19
truth is hard work always pays off think about it,thought_writer,motivation,#life,81,26-10-2024 20:12
my opinion fear is just illusion we create agree disagree,gu2222kd,miscellaneous,#relationships,84,19-12-2024 16:13
truth is success comes to those who are patient what do you think,Nathan_is_writing,motivation,#tech,42,08-11-2024 11:54
people often say life is journey not destination agree disagree,thought_writer,life,#thoughts,9,13-11-2024 16:38
i was thinking hard work always pays off that s my perspective,anonymous,motivation,#philosophy,10,20-11-2024 19:26
i believe success comes to those who are patient food for thought,thought_writer,motivation,#tech,9,17-10-2024 11:19
one day philosophy often challenges our basic beliefs agree disagree,Nathan_is_writing,life,#thoughts,32,31-10-2024 23:44
i believe good laugh heals lot of hurt what do you think,gu2222kd,funny,#tech,40,20-10-2024 15:23
one day fear is just illusion we create what do you think,AI_thinker,miscellaneous,#motivation,83,26-11-2024 19:22
i was thinking life is journey not destination food for thought,anonymous,life,#relationships,30,03-12-2024 14:16
i was thinking success comes to those who are patient think about it,thought_writer,motivation,#relationships,67,07-12-2024 11:34
i was thinking hard work always pays off food for thought,aditya,motivation,#philosophy,67,30-11-2024 13:04
once upon time life is journey not destination agree disagree,Nathan_is_writing,life,#relationships,90,10-11-2024 06:34
truth is philosophy often challenges our basic beliefs that s my perspective,daydreamer,life,#relationships,34,05-12-2024 13:43
one day philosophy often challenges our basic beliefs what do you think,daydreamer,life,#motivation,90,13-12-2024 10:28
i was thinking hard work always pays off that s all for now,gu2222kd,motivation,#humor,75,03-12-2024 04:49
once upon time hard work always pays off that s my perspective,Nathan_is_writing,motivation,#relationships,78,29-11-2024 01:21
people often say hard work always pays off that s all for now,anonymous,motivation,#life,29,14-10-2024 07:29
people often say fear is just illusion we create food for thought,gu2222kd,miscellaneous,#horror,92,05-12-2024 19:45
truth is love requires mutual trust respect its just my two cents,daydreamer,relationship,#motivation,93,20-12-2024 05:21
truth is success comes to those who are patient that s my perspective,Nathan_is_writing,motivation,#thoughts,83,22-10-2024 05:44
i was thinking success comes to those who are patient food for thought,aditya,motivation,#motivation,37,06-12-2024 05:11
people often say philosophy often challenges our basic beliefs what do you think,aditya,life,#horror,77,19-12-2024 11:29
truth is good laugh heals lot of hurt food for thought,daydreamer,funny,#relationships,20,25-11-2024 04:14
once upon time good laugh heals lot of hurt think about it,thought_writer,funny,#tech,60,04-12-2024 05:44
my opinion philosophy often challenges our basic beliefs agree disagree,thought_writer,life,#horror,52,08-12-2024 07:32
my opinion technology is reshaping our lives every day agree disagree,Nathan_is_writing,miscellaneous,#philosophy,96,04-12-2024 17:19
people often say fear is just illusion we create its just my two cents,AI_thinker,miscellaneous,#motivation,31,20-10-2024 07:05
i believe good laugh heals lot of hurt its just my two cents,daydreamer,funny,#thoughts,12,09-11-2024 16:01
once upon time good laugh heals lot of hurt agree disagree,Nathan_is_writing,funny,#philosophy,1,15-11-2024 20:32
people often say good laugh heals lot of hurt that s my perspective,gu2222kd,funny,#tech,10,28-10-2024 05:06
people often say hard work always pays off its just my two cents,AI_thinker,motivation,#philosophy,90,17-12-2024 07:02
once upon time fear is just illusion we create food for thought,aditya,miscellaneous,#motivation,69,01-11-2024 10:18
i believe fear is just illusion we create agree disagree,aditya,miscellaneous,#horror,13,06-11-2024 11:39
my opinion fear is just illusion we create food for thought,gu2222kd,miscellaneous,#motivation,15,30-11-2024 05:16
truth is hard work always pays off that s all for now,anonymous,motivation,#thoughts,37,18-11-2024 18:49
i believe philosophy often challenges our basic beliefs food for thought,thought_writer,life,#humor,80,07-12-2024 14:33
i believe life is journey not destination that s all for now,Nathan_is_writing,life,#humor,100,15-10-2024 12:03
one day love requires mutual trust respect agree disagree,anonymous,relationship,#life,83,20-10-2024 00:31
my opinion life is journey not destination that s my perspective,daydreamer,life,#horror,91,07-12-2024 15:27
i believe fear is just illusion we create its just my two cents,Nathan_is_writing,miscellaneous,#motivation,77,21-12-2024 17:48
my opinion hard work always pays off food for thought,aditya,motivation,#philosophy,37,22-11-2024 12:49
people often say technology is reshaping our lives every day food for thought,thought_writer,miscellaneous,#humor,44,17-10-2024 17:23
i was thinking fear is just illusion we create what do you think,gu2222kd,miscellaneous,#relationships,14,12-11-2024 05:36
truth is fear is just illusion we create what do you think,Nathan_is_writing,miscellaneous,#humor,5,18-11-2024 05:03
my opinion philosophy often challenges our basic beliefs think about it,Nathan_is_writing,life,#humor,13,15-10-2024 17:45
i was thinking philosophy often challenges our basic beliefs that s my perspective,aditya,life,#tech,71,05-11-2024 17:07
truth is philosophy often challenges our basic beliefs agree disagree,daydreamer,life,#philosophy,46,14-11-2024 18:48
i was thinking life is journey not destination that s all for now,AI_thinker,life,#humor,36,08-11-2024 04:05
truth is hard work always pays off agree disagree,thought_writer,motivation,#tech,78,19-12-2024 17:46
one day technology is reshaping our lives every day agree disagree,AI_thinker,miscellaneous,#thoughts,41,15-10-2024 22:17
i believe good laugh heals lot of hurt food for thought,anonymous,funny,#tech,22,31-10-2024 21:09
one day technology is reshaping our lives every day food for thought,gu2222kd,miscellaneous,#tech,95,31-10-2024 14:15
i believe hard work always pays off think about it,Nathan_is_writing,motivation,#life,97,15-10-2024 01:53
people often say life is journey not destination think about it,anonymous,life,#relationships,63,22-11-2024 07:42
people often say hard work always pays off what do you think,thought_writer,motivation,#motivation,26,06-11-2024 12:00
i believe fear is just illusion we create what do you think,thought_writer,miscellaneous,#thoughts,12,27-11-2024 03:31
one day hard work always pays off food for thought,thought_writer,motivation,#tech,13,05-12-2024 16:22
i believe philosophy often challenges our basic beliefs think about it,Nathan_is_writing,life,#philosophy,95,07-11-2024 01:28
people often say technology is reshaping our lives every day what do you think,AI_thinker,miscellaneous,#horror,16,20-12-2024 11:02
truth is fear is just illusion we create think about it,Nathan_is_writing,miscellaneous,#thoughts,77,02-12-2024 19:02
i was thinking good laugh heals lot of hurt agree disagree,aditya,funny,#life,84,14-12-2024 22:12
my opinion love requires mutual trust respect what do you think,anonymous,relationship,#humor,35,12-11-2024 03:03
people often say success comes to those who are patient its just my two cents,AI_thinker,motivation,#relationships,0,19-10-2024 21:15
truth is fear is just illusion we create its just my two cents,gu2222kd,miscellaneous,#philosophy,42,18-11-2024 20:51
i believe philosophy often challenges our basic beliefs that s all for now,Nathan_is_writing,life,#relationships,30,16-10-2024 06:27
once upon time hard work always pays off food for thought,AI_thinker,motivation,#life,32,14-12-2024 06:31
people often say love requires mutual trust respect that s all for now,AI_thinker,relationship,#horror,28,15-10-2024 12:06
truth is love requires mutual trust respect think about it,Nathan_is_writing,relationship,#horror,50,02-12-2024 19:02
once upon time philosophy often challenges our basic beliefs its just my two cents,gu2222kd,life,#tech,2,22-10-2024 10:03
people often say philosophy often challenges our basic beliefs think about it,AI_thinker,life,#tech,54,14-12-2024 15:25
truth is good laugh heals lot of hurt its just my two cents,thought_writer,funny,#philosophy,83,20-11-2024 11:04
truth is technology is reshaping our lives every day agree disagree,daydreamer,miscellaneous,#philosophy,47,25-11-2024 10:13
i believe philosophy often challenges our basic beliefs what do you think,aditya,life,#philosophy,63,15-11-2024 11:21
people often say good laugh heals lot of hurt think about it,gu2222kd,funny,#relationships,30,18-12-2024 21:54
i was thinking fear is just illusion we create that s all for now,aditya,miscellaneous,#motivation,92,24-10-2024 17:48
truth is philosophy often challenges our basic beliefs what do you think,thought_writer,life,#tech,93,21-12-2024 19:32
i believe hard work always pays off agree disagree,AI_thinker,motivation,#humor,25,01-11-2024 06:54
my opinion success comes to those who are patient agree disagree,gu2222kd,motivation,#life,45,03-11-2024 20:18
truth is technology is reshaping our lives every day food for thought,gu2222kd,miscellaneous,#philosophy,100,10-11-2024 03:30
people often say fear is just illusion we create what do you think,aditya,miscellaneous,#horror,65,10-11-2024 14:07
one day life is journey not destination what do you think,AI_thinker,life,#relationships,49,27-10-2024 13:31
people often say life is journey not destination that s all for now,daydreamer,life,#philosophy,15,18-10-2024 19:53
my opinion good laugh heals lot of hurt its just my two cents,AI_thinker,funny,#tech,25,25-10-2024 16:15
one day life is journey not destination that s all for now,aditya,life,#thoughts,28,29-11-2024 08:38
once upon time technology is reshaping our lives every day what do you think,AI_thinker,miscellaneous,#horror,19,22-12-2024 03:36
i was thinking fear is just illusion we create that s my perspective,AI_thinker,miscellaneous,#life,91,30-11-2024 08:06
truth is life is journey not destination think about it,thought_writer,life,#relationships,84,02-11-2024 11:27
i was thinking fear is just illusion we create its just my two cents,thought_writer,miscellaneous,#philosophy,56,12-12-2024 16:11
truth is life is journey not destination that s all for now,Nathan_is_writing,life,#philosophy,33,18-12-2024 16:08
my opinion love requires mutual trust respect food for thought,gu2222kd,relationship,#motivation,74,08-11-2024 21:44
one day fear is just illusion we create its just my two cents,aditya,miscellaneous,#motivation,30,06-11-2024 08:15
i believe technology is reshaping our lives every day agree disagree,AI_thinker,miscellaneous,#motivation,69,24-10-2024 10:23
one day love requires mutual trust respect that s all for now,aditya,relationship,#humor,84,30-10-2024 20:24
people often say technology is reshaping our lives every day its just my two cents,daydreamer,miscellaneous,#motivation,27,25-10-2024 18:34
once upon time love requires mutual trust respect think about it,gu2222kd,relationship,#humor,15,07-12-2024 18:54
my opinion love requires mutual trust respect its just my two cents,AI_thinker,relationship,#philosophy,75,04-11-2024 17:27
i believe hard work always pays off food for thought,AI_thinker,motivation,#thoughts,61,25-11-2024 01:23
my opinion good laugh heals lot of hurt that s all for now,aditya,funny,#life,0,20-12-2024 17:32
i believe philosophy often challenges our basic beliefs that s my perspective,AI_thinker,life,#motivation,10,19-11-2024 17:39
truth is technology is reshaping our lives every day that s all for now,thought_writer,miscellaneous,#tech,89,09-12-2024 02:26
once upon time hard work always pays off what do you think,daydreamer,motivation,#motivation,88,24-10-2024 17:59
my opinion life is journey not destination food for thought,gu2222kd,life,#humor,47,14-12-2024 15:41
one day success comes to those who are patient food for thought,thought_writer,motivation,#thoughts,98,15-10-2024 00:34
one day life is journey not destination think about it,gu2222kd,life,#humor,14,17-10-2024 04:17
once upon time fear is just illusion we create think about it,thought_writer,miscellaneous,#life,64,30-11-2024 14:06
i believe success comes to those who are patient think about it,Nathan_is_writing,motivation,#horror,100,07-11-2024 06:59
one day good laugh heals lot of hurt that s my perspective,gu2222kd,funny,#philosophy,97,30-10-2024 03:37
my opinion technology is reshaping our lives every day what do you think,gu2222kd,miscellaneous,#relationships,70,12-12-2024 00:59
once upon time life is journey not destination that s my perspective,thought_writer,life,#thoughts,55,05-11-2024 15:48
truth is life is journey not destination that s my perspective,anonymous,life,#philosophy,69,09-11-2024 01:38
one day hard work always pays off think about it,Nathan_is_writing,motivation,#life,82,28-10-2024 10:10
truth is hard work always pays off its just my two cents,thought_writer,motivation,#life,4,09-11-2024 22:16
once upon time success comes to those who are patient what do you think,gu2222kd,motivation,#thoughts,52,10-11-2024 18:59
my opinion technology is reshaping our lives every day that s all for now,Nathan_is_writing,miscellaneous,#horror,29,18-11-2024 03:30
i was thinking fear is just illusion we create agree disagree,anonymous,miscellaneous,#life,36,05-12-2024 21:47
i was thinking life is journey not destination what do you think,thought_writer,life,#horror,62,23-10-2024 13:26
i was thinking fear is just illusion we create food for thought,daydreamer,miscellaneous,#thoughts,11,08-11-2024 14:22
people often say hard work always pays off food for thought,gu2222kd,motivation,#horror,98,13-11-2024 12:08
people often say good laugh heals lot of hurt what do you think,thought_writer,funny,#life,19,22-10-2024 04:03
once upon time good laugh heals lot of hurt that s all for now,daydreamer,funny,#philosophy,49,08-11-2024 08:56
people often say philosophy often challenges our basic beliefs its just my two cents,daydreamer,life,#horror,9,23-10-2024 14:09
people often say success comes to those who are patient think about it,daydreamer,motivation,#humor,74,06-12-2024 07:52
truth is fear is just illusion we create that s my perspective,Nathan_is_writing,miscellaneous,#motivation,66,06-12-2024 00:46
my opinion life is journey not destination that s all for now,thought_writer,life,#thoughts,77,21-12-2024 07:12
one day love requires mutual trust respect food for thought,anonymous,relationship,#life,72,03-11-2024 22:08
once upon time technology is reshaping our lives every day that s my perspective,AI_thinker,miscellaneous,#life,7,16-11-2024 02:46
one day technology is reshaping our lives every day that s my perspective,anonymous,miscellaneous,#relationships,7,29-11-2024 18:34
i was thinking philosophy often challenges our basic beliefs that s all for now,anonymous,life,#life,5,12-12-2024 04:41
people often say philosophy often challenges our basic beliefs that s my perspective,gu2222kd,life,#thoughts,44,09-11-2024 06:07
once upon time good laugh heals lot of hurt its just my two cents,AI_thinker,funny,#humor,18,31-10-2024 01:30
my opinion hard work always pays off that s my perspective,daydreamer,motivation,#life,99,10-12-2024 16:28
people often say love requires mutual trust respect its just my two cents,aditya,relationship,#humor,78,07-11-2024 02:05
i was thinking good laugh heals lot of hurt think about it,anonymous,funny,#thoughts,71,12-12-2024 09:36
i believe success comes to those who are patient its just my two cents,anonymous,motivation,#humor,51,12-12-2024 19:04
people often say philosophy often challenges our basic beliefs that s all for now,AI_thinker,life,#thoughts,100,13-12-2024 17:03
one day success comes to those who are patient think about it,Nathan_is_writing,motivation,#life,86,21-10-2024 12:11
one day love requires mutual trust respect think about it,aditya,relationship,#horror,29,06-12-2024 02:04
i believe good laugh heals lot of hurt that s all for now,anonymous,funny,#motivation,72,28-10-2024 19:18
one day life is journey not destination its just my two cents,thought_writer,life,#humor,66,14-11-2024 18:26
truth is technology is reshaping our lives every day its just my two cents,aditya,miscellaneous,#relationships,47,17-12-2024 03:44
truth is philosophy often challenges our basic beliefs its just my two cents,gu2222kd,life,#horror,63,23-11-2024 01:48
my opinion success comes to those who are patient food for thought,anonymous,motivation,#relationships,38,02-11-2024 05:38
people often say love requires mutual trust respect food for thought,aditya,relationship,#life,60,01-11-2024 20:56
my opinion life is journey not destination agree disagree,gu2222kd,life,#tech,42,25-11-2024 23:01
truth is success comes to those who are patient that s all for now,thought_writer,motivation,#life,86,13-12-2024 04:44
people often say life is journey not destination what do you think,anonymous,life,#humor,63,27-10-2024 00:21
truth is philosophy often challenges our basic beliefs food for thought,AI_thinker,life,#humor,32,16-10-2024 02:36
one day philosophy often challenges our basic beliefs that s all for now,aditya,life,#life,36,03-11-2024 17:25
one day philosophy often challenges our basic beliefs that s my perspective,thought_writer,life,#relationships,20,17-11-2024 15:20
i was thinking good laugh heals lot of hurt its just my two cents,daydreamer,funny,#relationships,85,01-12-2024 15:51
one day success comes to those who are patient that s all for now,anonymous,motivation,#life,14,20-10-2024 15:29
i was thinking love requires mutual trust respect its just my two cents,gu2222kd,relationship,#humor,40,30-10-2024 05:25
people often say philosophy often challenges our basic beliefs food for thought,aditya,life,#motivation,71,19-10-2024 14:10
my opinion life is journey not destination its just my two cents,aditya,life,#life,73,25-10-2024 06:55
people often say fear is just illusion we create think about it,daydreamer,miscellaneous,#thoughts,81,12-11-2024 21:06
one day technology is reshaping our lives every day that s all for now,AI_thinker,miscellaneous,#tech,83,07-12-2024 15:05
once upon time life is journey not destination food for thought,thought_writer,life,#motivation,58,11-12-2024 16:04
once upon time philosophy often challenges our basic beliefs what do you think,thought_writer,life,#humor,63,14-11-2024 02:00
my opinion philosophy often challenges our basic beliefs its just my two cents,AI_thinker,life,#relationships,21,13-11-2024 11:30
once upon time philosophy often challenges our basic beliefs think about it,gu2222kd,life,#relationships,67,18-10-2024 18:25
i was thinking life is journey not destination agree disagree,AI_thinker,life,#relationships,90,04-11-2024 02:26
once upon time hard work always pays off agree disagree,thought_writer,motivation,#thoughts,56,08-12-2024 17:02
i was thinking success comes to those who are patient that s my perspective,aditya,motivation,#tech,16,14-10-2024 23:02
once upon time fear is just illusion we create what do you think,gu2222kd,miscellaneous,#motivation,94,28-11-2024 06:55
once upon time love requires mutual trust respect that s all for now,Nathan_is_writing,relationship,#humor,18,01-11-2024 20:19
one day fear is just illusion we create food for thought,anonymous,miscellaneous,#horror,99,03-12-2024 04:18
i was thinking technology is reshaping our lives every day its just my two cents,Nathan_is_writing,miscellaneous,#relationships,33,22-10-2024 16:04
once upon time philosophy often challenges our basic beliefs agree disagree,anonymous,life,#horror,26,21-11-2024 19:24
people often say fear is just illusion we create agree disagree,aditya,miscellaneous,#motivation,32,23-10-2024 14:45
truth is technology is reshaping our lives every day that s my perspective,daydreamer,miscellaneous,#horror,92,19-11-2024 14:01
my opinion success comes to those who are patient that s my perspective,anonymous,motivation,#relationships,22,07-12-2024 18:25
i was thinking philosophy often challenges our basic beliefs its just my two cents,daydreamer,life,#humor,27,21-11-2024 23:19
my opinion technology is reshaping our lives every day think about it,gu2222kd,miscellaneous,#philosophy,30,21-12-2024 17:40
once upon time fear is just illusion we create its just my two cents,gu2222kd,miscellaneous,#relationships,57,25-11-2024 16:37
i believe technology is reshaping our lives every day its just my two cents,AI_thinker,miscellaneous,#motivation,11,20-11-2024 05:55
people often say hard work always pays off that s my perspective,aditya,motivation,#life,43,09-12-2024 21:33
people often say success comes to those who are patient that s my perspective,gu2222kd,motivation,#humor,89,19-10-2024 16:53
once upon time fear is just illusion we create agree disagree,anonymous,miscellaneous,#motivation,25,12-12-2024 09:44
i was thinking love requires mutual trust respect that s my perspective,Nathan_is_writing,relationship,#humor,40,12-11-2024 22:31
people often say love requires mutual trust respect think about it,gu2222kd,relationship,#horror,4,29-10-2024 16:13
i was thinking good laugh heals lot of hurt that s all for now,daydreamer,funny,#life,20,27-10-2024 07:19
i believe love requires mutual trust respect that s my perspective,thought_writer,relationship,#thoughts,55,30-11-2024 01:26
my opinion good laugh heals lot of hurt agree disagree,AI_thinker,funny,#philosophy,56,14-12-2024 23:08
i believe technology is reshaping our lives every day food for thought,Nathan_is_writing,miscellaneous,#humor,16,15-10-2024 12:01
i believe fear is just illusion we create think about it,aditya,miscellaneous,#relationships,43,01-12-2024 06:59
i was thinking love requires mutual trust respect agree disagree,AI_thinker,relationship,#life,26,15-10-2024 20:35
i was thinking technology is reshaping our lives every day what do you think,Nathan_is_writing,miscellaneous,#motivation,38,02-11-2024 12:51
once upon time success comes to those who are patient think about it,Nathan_is_writing,motivation,#philosophy,83,13-11-2024 05:00
people often say hard work always pays off think about it,anonymous,motivation,#humor,63,30-11-2024 11:32
once upon time love requires mutual trust respect that s my perspective,daydreamer,relationship,#thoughts,10,21-10-2024 20:55
my opinion success comes to those who are patient think about it,thought_writer,motivation,#philosophy,77,17-12-2024 22:49
truth is good laugh heals lot of hurt agree disagree,gu2222kd,funny,#philosophy,68,17-11-2024 20:54
one day fear is just illusion we create that s my perspective,aditya,miscellaneous,#humor,95,21-11-2024 16:54
i believe hard work always pays off that s all for now,AI_thinker,motivation,#tech,21,09-12-2024 00:29
my opinion good laugh heals lot of hurt think about it,Nathan_is_writing,funny,#life,22,23-11-2024 21:09
my opinion fear is just illusion we create think about it,gu2222kd,miscellaneous,#relationships,81,24-10-2024 23:23
one day life is journey not destination that s my perspective,aditya,life,#horror,80,26-10-2024 04:34
my opinion good laugh heals lot of hurt that s my perspective,daydreamer,funny,#tech,39,14-10-2024 08:37
one day love requires mutual trust respect that s my perspective,anonymous,relationship,#tech,39,22-10-2024 23:40
i was thinking fear is just illusion we create think about it,daydreamer,miscellaneous,#life,22,10-12-2024 01:24
my opinion good laugh heals lot of hurt what do you think,Nathan_is_writing,funny,#motivation,67,20-11-2024 01:39
i was thinking good laugh heals lot of hurt what do you think,anonymous,funny,#horror,59,21-10-2024 05:40
my opinion hard work always pays off think about it,gu2222kd,motivation,#life,79,19-10-2024 12:53
i believe love requires mutual trust respect its just my two cents,AI_thinker,relationship,#motivation,28,12-11-2024 08:22
i believe fear is just illusion we create that s all for now,thought_writer,miscellaneous,#tech,18,15-10-2024 20:03
truth is life is journey not destination what do you think,daydreamer,life,#thoughts,41,27-11-2024 21:38
once upon time success comes to those who are patient that s all for now,anonymous,motivation,#relationships,16,14-11-2024 09:22
i was thinking technology is reshaping our lives every day that s all for now,aditya,miscellaneous,#motivation,38,21-12-2024 15:47
truth is success comes to those who are patient its just my two cents,thought_writer,motivation,#philosophy,20,21-12-2024 06:08
once upon time hard work always pays off that s all for now,daydreamer,motivation,#philosophy,16,19-12-2024 18:52
people often say success comes to those who are patient that s all for now,AI_thinker,motivation,#horror,37,17-12-2024 10:30
i believe success comes to those who are patient that s my perspective,thought_writer,motivation,#philosophy,96,14-12-2024 17:50
once upon time philosophy often challenges our basic beliefs that s my perspective,aditya,life,#life,19,09-12-2024 05:42
people often say love requires mutual trust respect that s my perspective,Nathan_is_writing,relationship,#relationships,5,16-11-2024 09:32
people often say success comes to those who are patient food for thought,daydreamer,motivation,#relationships,53,15-12-2024 18:48
once upon time success comes to those who are patient food for thought,daydreamer,motivation,#thoughts,84,12-11-2024 12:07
i was thinking life is journey not destination its just my two cents,gu2222kd,life,#tech,14,23-11-2024 18:23
my opinion success comes to those who are patient its just my two cents,aditya,motivation,#motivation,45,23-10-2024 18:26
truth is love requires mutual trust respect agree disagree,Nathan_is_writing,relationship,#philosophy,30,26-11-2024 11:15
people often say hard work always pays off agree disagree,daydreamer,motivation,#tech,35,05-12-2024 22:05
once upon time love requires mutual trust respect its just my two cents,gu2222kd,relationship,#tech,16,08-12-2024 08:03
one day philosophy often challenges our basic beliefs its just my two cents,anonymous,life,#motivation,83,11-12-2024 20:33
my opinion fear is just illusion we create that s all for now,thought_writer,miscellaneous,#tech,84,27-11-2024 08:14
